id,subtopic,year,title,venue,venue_type,doi,scopus_likely,key_contribution,reported_speedup,notes
A01,A_GPU_power_flow,2012,"Performance Comparisons of Parallel Power Flow Solvers on GPU System",IEEE RTCSA 2012,conference,10.1109/rtcsa.2012.36,yes,Early head-to-head GPU vs CPU parallel power-flow timing study,n/c,First systematic GPU PF benchmarks
A02,A_GPU_power_flow,2012,"Parallelization of radial three-phase distribution power flow using GPU",IEEE ISGT Europe 2012,conference,10.1109/isgteurope.2012.6465854,verify,Distribution-level GPU PF (radial three-phase),n/c,Distribution (not transmission) focus
A03,A_GPU_power_flow,2013,"Exploration of multifrontal method with GPU in power flow computation",IEEE PESGM 2013,conference,10.1109/pesmg.2013.6673057,yes,Direct (multifrontal) factorization on GPU for PF,n/c,
A04,A_GPU_power_flow,2014,"GPU-based power flow analysis with Chebyshev preconditioner and conjugate gradient method",Electric Power Systems Research,journal,10.1016/j.epsr.2014.05.005,yes,Iterative PF: CG + Chebyshev preconditioning on GPU,n/c,
A05,A_GPU_power_flow,2015,"GPU-based two-step preconditioning for conjugate gradient method in power flow",IEEE PESGM 2015,conference,10.1109/pesgm.2015.7286544,yes,Refined two-step CG preconditioning on GPU,n/c,
A06,A_GPU_power_flow,2016,"GPU-Based Fast Decoupled Power Flow With Preconditioned Iterative Solver and Inexact Newton Method",IEEE Transactions on Power Systems,journal,10.1109/tpwrs.2016.2618889,yes,FDLF on GPU with inexact Newton; flagship journal result,n/c,Anchor journal paper for subtopic A
A07,A_GPU_power_flow,2017,"GPU-OpenCL accelerated probabilistic power flow analysis using Monte-Carlo simulation",Electric Power Systems Research,journal,10.1016/j.epsr.2017.02.022,yes,OpenCL (vendor-neutral) GPU Monte-Carlo probabilistic PF,n/c,Shows the non-CUDA route
A08,A_GPU_power_flow,2017,"Performance analysis of GPU-accelerated fast decoupled power flow using direct linear solver",IEEE EPEC 2017,conference,10.1109/epec.2017.8286158,verify,Direct vs iterative GPU FDLF performance comparison,n/c,
A09,A_GPU_power_flow,2017,"GPU-Based Batch LU-Factorization Solver for Concurrent Analysis of Massive Power Flows",IEEE Transactions on Power Systems,journal,10.1109/tpwrs.2017.2662322,yes,Batched sparse LU on GPU: many power flows in one solve,n/c,Template for N-1 / scenario parallelism
A10,A_GPU_power_flow,2018,"Simultaneous parallel power flow calculations using hybrid CPU-GPU approach",International Journal of Electrical Power & Energy Systems,journal,10.1016/j.ijepes.2018.08.033,yes,CPU-GPU hybrid batched power flows,n/c,
A11,A_GPU_power_flow,2019,"Full Parallel Power Flow Solution: A GPU-CPU-Based Vectorization Parallelization and Sparse Techniques",IEEE Transactions on Smart Grid,journal,10.1109/tsg.2019.2943746,yes,Full Newton power flow parallelized GPU-CPU,n/c,
A12,A_GPU_power_flow,2020,"Parallel Power Flow Computation Trends and Applications: A Review Focusing on GPU",Energies,journal,10.3390/en13092147,yes,Review of parallel power flow with GPU focus,n/a (review),Subtopic A map; use for snowballing
A13,A_GPU_power_flow,2021,"GPU-Based Sparse Power Flow Studies With Modified Newton's Method",IEEE Access,journal,10.1109/access.2021.3127393,yes,Sparse GPU Newton power flow,n/c,
A14,A_GPU_power_flow,2023,"Analyzing the Implementation of the Newton Raphson Based Power Flow Formulation in CPU+GPU Computing",IEEE NAPS 2023,conference,10.1109/naps58826.2023.10318707,verify,Implementation-level CPU+GPU Newton-Raphson PF analysis,n/c,
A15,A_GPU_power_flow,2024,"Research on GPU Accelerated Polar Power Flow Calculation",IEEE EPEE 2024,conference,10.1109/epee63731.2024.10875411,verify,GPU polar-form power flow,n/c,
A16,A_GPU_power_flow,2024,"GPU-Accelerated Power Flow Analysis",IEEE EI2 2024,conference,10.1109/ei264398.2024.10991444,verify,GPU PF analysis at Energy Internet conference,n/c,
S01,S_anchor_surveys,2016,"A survey of high-performance computing approaches in power systems",IEEE PESGM 2016,conference,10.1109/pesgm.2016.7741984,yes,Anchor HPC-for-power-systems survey,n/a (survey),Start forward/backward citation snowballing here
S02,S_anchor_surveys,2017,"A Survey of Distributed Optimization and Control Algorithms for Electric Power Systems",IEEE Transactions on Smart Grid,journal,10.1109/tsg.2017.2720471,yes,Anchor survey of distributed optimization/control (ADMM etc.) for power systems,n/a (survey),Context for DERMS and distributed OPF work
B01,B_GPU_OPF,2014,"GPU-Accelerated Solutions to Optimal Power Flow Problems",HICSS 2014 (47th Hawaii Intl. Conf. on System Sciences),conference,10.1109/hicss.2014.315,verify,Early GPU optimal power flow work,n/c,
B02,B_GPU_OPF,2016,"Parallel Transient Stability-Constrained Optimal Power Flow Using GPU as Coprocessor",IEEE Transactions on Smart Grid,journal,10.1109/tsg.2016.2639551,yes,TSC-OPF with GPU as coprocessor,n/c,
B03,B_GPU_OPF,2021,"Accelerated Computation and Tracking of AC Optimal Power Flow Solutions Using GPUs",arXiv (ACM proceedings 2022),preprint+conference,10.48550/arXiv.2110.06879,no (arXiv),GPU AC-OPF computation and solution tracking (condensed Newton),n/c,ACM version DOI: 10.1145/3547276.3548631
B04,B_GPU_OPF,2023,"GPU-resident sparse direct linear solvers for alternating current optimal power flow analysis",International Journal of Electrical Power & Energy Systems,journal,10.1016/j.ijepes.2023.109517,yes,GPU-resident sparse direct solvers for IPM AC-OPF iterations,n/c,Key 2020s OPF result
B05,B_GPU_OPF,2023,"A GPU-based Distributed Algorithm for Linearized Optimal Power Flow in Distribution Systems",arXiv,preprint,10.48550/arXiv.2310.09410,no,GPU-batched distributed LPF for distribution systems,n/c,
B06,B_GPU_OPF,2024,"Accelerating optimal power flow with GPUs: SIMD abstraction of nonlinear programs and condensed Newton",Electric Power Systems Research,journal,10.1016/j.epsr.2024.110651,yes,SIMD abstraction of NLPs for GPU OPF + condensed Newton,n/c,SSRN preprint: 10.2139/ssrn.4601442
B07,B_GPU_OPF,2024,"Scalable Multi-Period AC Optimal Power Flow Utilizing GPUs with High Memory Capacities",IEEE OSMSES 2024,conference,10.1109/osmses62085.2024.10668970,verify,Multi-period AC-OPF on high-memory GPUs,n/c,
B08,B_GPU_OPF,2025,"A GPU-Accelerated Distributed Algorithm for Optimal Power Flow in Distribution Systems",IEEE IPDPS 2025,conference,10.1109/ipdps64566.2025.00068,yes,GPU-accelerated distributed OPF for distribution systems,n/c,arXiv: 10.48550/arXiv.2501.08293
B09,B_GPU_OPF,2026,"GPU Accelerated Security Constrained Optimal Power Flow",Optimization and Engineering (Springer),journal,10.1007/s11081-026-10085-6,yes,GPU SCOPF; representative of the active 2024-2026 SCOPF-on-GPU line,n/c,Preprints: 10.48550/arXiv.2410.17203; 10.21203/rs.3.rs-5306782/v1
B10,B_GPU_OPF,2026,"An augmented Lagrangian method on GPU for security-constrained AC optimal power flow",Electric Power Systems Research,journal,10.1016/j.epsr.2026.113627,yes,GPU augmented Lagrangian method for SC-AC-OPF,n/c,Crossref online-first lists 2027; verify final volume
C01,C_GPU_UC,2023,"On Solving Unit Commitment with Alternating Current Optimal Power Flow on GPU",arXiv,preprint,10.48550/arXiv.2310.13145,no,Unit commitment coupled with AC-OPF solved on GPU (emerging GPU-UC line),n/c,
C02,C_GPU_UC,2025,"Scalable Unit Commitment for Large Power Grids: Relaxation, Tightening, and GPU-Based Solvers Evaluation",IEEE NAPS 2025,conference,10.1109/naps66256.2025.11272365,verify,UC scaling via relaxation/tightening + GPU-based solvers,n/c,
C03,C_GPU_UC,2026,"GPU-Accelerated Optimization Solver for Unit Commitment in Large-Scale Power Grids",IEEE TPEC 2026,conference,10.1109/tpec67884.2026.11513113,verify,GPU optimization solver for large-scale unit commitment,n/c,
D01,D_DERMS,2022,"Distributed energy resource management systems - DERMS: State of the art and how to move forward",WIREs Energy and Environment,journal,10.1002/wene.460,yes,Anchor DERMS survey defining the problem space,n/a (survey),No GPU core; use for framing the DERMS niche
D02,D_DERMS,2021,"Distributed Energy Resource Management System (DERMS) solution for feeder Voltage Management for Utility integrated DERs",IEEE ISGT 2021,conference,10.1109/isgt49243.2021.9372281,verify,DERMS solution for feeder voltage management,n/c,
D03,D_DERMS,2020,"Interactive protocols for distributed energy resource management systems (DERMS)","IET Generation, Transmission & Distribution",journal,10.1049/iet-gtd.2019.1022,yes,DERMS communication/protocol layer,n/c,
D04,D_DERMS,2023,"Evaluation of Communication Issues in Primal-Dual-Based Distributed Energy Resource Management Systems (DERMS)",IEEE PESGM 2023,conference,10.1109/pesgm52003.2023.10252194,yes,Primal-dual DERMS: communication overhead analysis,n/c,Directly relevant to the GPU + DERMS communication bottleneck
D05,D_DERMS,2023,"Study of Communication Boundaries of Primal-Dual-Based Distributed Energy Resource Management Systems (DERMS)",IEEE ISGT 2023,conference,10.1109/isgt51731.2023.10066440,verify,Primal-dual DERMS communication-boundary study,n/c,
D06,D_DERMS,2024,"Real Time-Optimal Power Flow-Based Distributed Energy Resource Management System (DERMS)",DOE report (OSTI),report,10.2172/2356774,verify,Real-time OPF-based DERMS implementation,n/c,OSTI record; check Scopus coverage
D07,D_DERMS,2021,"IEEE Guide for Distributed Energy Resources Management Systems (DERMS) Functional Specification",IEEE standard,journal,10.1109/ieeestd.2021.9447316,verify,IEEE guide defining DERMS functional requirements,n/a (standard),Use as the requirements checklist for your own DERMS solver
E01,E_PLANNING,2020,"Metaheuristics for Transmission Network Expansion Planning",Springer book chapter: Transmission Expansion Planning - The Network Design and Investment Challenge,book chapter,10.1007/978-3-030-49428-5_2,yes,TEP methods state of the art (no GPU),n/a,Context: what GPU work would accelerate
E02,E_PLANNING,2020,"Energy Storage Systems in Transmission Expansion Planning",Springer book chapter (same book),book chapter,10.1007/978-3-030-49428-5_10,yes,Storage-aware TEP formulations,n/a,
E03,E_PLANNING,2021,"Transmission Expansion Planning Problem",Wiley book chapter: Probabilistic Power System Expansion Planning,book chapter,10.1002/9781119819042.ch11,yes,Formal TEP problem definitions,n/a,